Nazwa Pliku;D20181937.txt;D20181950.txt;Artyku³Sportowy2.txt;Artyku³Sportowy1.txt
D20181937.txt;;0.8301792796660603;0.9930845095870328;0.9972239887968845
D20181950.txt;0.8301792796660603;;0.962586042895974;0.9784514536285973
Artyku³Sportowy2.txt;0.9930845095870328;0.962586042895974;;0.8858709881687703
Artyku³Sportowy1.txt;0.9972239887968845;0.9784514536285973;0.8858709881687703;
