Nazwa Pliku;D20181937.txt;D20181950.txt;Artyku³Sportowy2.txt;Artyku³Sportowy1.txt
D20181937.txt;;16.98207203339397;0.691549041296724;0.2776011203115547
D20181950.txt;16.98207203339397;;3.741395710402595;2.154854637140269
Artyku³Sportowy2.txt;0.691549041296724;3.741395710402595;;11.412901183122969
Artyku³Sportowy1.txt;0.2776011203115547;2.154854637140269;11.412901183122969;
